{
  "accuracy": 0.7363013698630136,
  "macro_f1": 0.7284694654718668,
  "classification_report": {
    "Down": {
      "precision": 0.9246575342465754,
      "recall": 0.569620253164557,
      "f1": 0.7049608355091384,
      "support": 237
    },
    "Neutral": {
      "precision": 0.6729957805907173,
      "recall": 0.6816239316239316,
      "f1": 0.6772823779193206,
      "support": 468
    },
    "Up": {
      "precision": 0.7408759124087592,
      "recall": 0.8768898488120951,
      "f1": 0.8031651829871415,
      "support": 463
    }
  },
  "confusion_matrix": [
    [
      135,
      98,
      4
    ],
    [
      11,
      319,
      138
    ],
    [
      0,
      57,
      406
    ]
  ]
}